x1^2,x2^2,x1,x2,y
3.497867085,0.246043749,-1.870258561,-0.496027972,0
0.004286985,3.247823323,0.065475069,-1.802171835,0
0.001200126,1.694435105,-0.034642831,1.301704692,0
1.342220852,0.369480508,1.158542555,0.607849083,0
7.49E-05,0.193057471,-0.008656332,0.439383057,0
3.158195309,0.425988854,-1.777131202,0.652678216,0
1.779266102,0.549315492,1.333891338,0.74115821,0
1.755261706,0.050182529,1.324862901,0.224014574,0
0.086338693,1.081430114,0.293834465,1.039918321,0
2.86081028,0.016401119,1.691393,-0.128066854,0
0.153818717,0.330303932,0.392197294,0.574720743,0
0.002776755,0.19820895,-0.052694926,0.445206637,0
0.449977108,0.673565503,-0.67080333,0.820710365,0
0.09071071,0.506220458,-0.301182188,-0.711491713,0
0.71933621,0.254003843,-0.848136905,0.503987939,0
1.423568484,0.133869638,-1.193133892,0.365882,0
0.009318341,0.649332182,-0.096531556,0.805811505,0
2.270823923,0.845395208,-1.506925321,0.919453755,0
0.115655089,2.190302271,0.340081004,-1.479966983,0
0.816919663,0.378603723,-0.903836082,0.615307828,0
1.403692805,0.319841182,1.184775424,-0.565545031,0
0.305957466,0.016899005,-0.553134221,-0.129996174,0
0.026561481,2.564589886,0.162976933,1.601433697,0
1.341732723,1.030442215,-1.158331871,1.015106997,0
1.914377376,0.005180883,1.383610269,0.071978351,0
0.743920271,2.354682464,0.862508128,-1.534497463,0
1.097859161,0.318687043,-1.047787746,0.564523731,0
0.380036734,2.961816173,-0.616471195,-1.720992787,0
1.43126028,0.946094887,-1.196352908,-0.972674091,0
1.748423621,1.120458193,-1.322279706,-1.058516978,0
0.009629645,0.070167135,0.098130755,-0.264890799,0
0.000207033,0.048722901,-0.014388626,-0.220732647,0
2.491846736,1.228415224,-1.578558436,1.108338948,0
0.04245083,2.136484673,0.206035991,-1.461671876,0
0.320996616,0.23884101,0.566565633,-0.488713628,0
0.562153381,1.168334131,-0.749768885,1.08089506,0
2.487179708,0.101724267,1.577079487,0.31894242,0
1.084093119,0.256716717,-1.041197925,0.506672199,0
0.048149458,1.374752958,0.219429848,1.172498596,0
2.726464356,0.001061206,-1.651200883,-0.032576155,0
1.27059007,0.980945722,1.127204538,-0.99042704,0
0.143175568,0.008866835,-0.378385476,-0.094163871,0
2.764546669,0.863686802,-1.662692596,-0.929347514,0
2.585742207,1.021488386,1.608024318,-1.010687086,0
0.100615546,1.441133277,-0.317199536,-1.200472106,0
2.269282715,1.460734049,1.506413859,-1.208608311,0
0.00051293,1.852192987,-0.022647953,1.36095297,0
0.841739755,0.499506268,0.917463762,0.706757574,0
0.257018568,1.140231616,0.506969987,-1.067816284,0
0.716152821,0.520920137,-0.846258129,0.721747973,0
0.097580199,3.48722682,0.312378295,1.867411797,0
2.180978282,0.637437273,1.476813557,0.798396689,0
2.650633367,0.381874085,1.628076585,0.617959614,0
1.386108342,0.652678115,-1.177331025,0.807884964,0
0.199907442,0.000229644,-0.447110101,0.015154012,0
1.351877378,0.342412,1.162702618,-0.585159807,0
0.036484425,0.177296654,0.191008967,-0.421066092,0
0.180885783,2.30589128,0.425306693,1.518516144,0
2.953884915,0.178957506,-1.718686974,0.423033694,0
0.418922428,2.260246598,0.647242171,1.503411653,0
0.782094992,0.117660755,-0.884361347,-0.343017135,0
3.247012699,0.001180567,1.801946919,-0.03435938,0
0.73360944,0.297768127,0.856510035,-0.545681342,0
0.019931632,3.7047577,-0.141179433,1.924774714,0
1.827855707,0.557388345,-1.35198214,-0.746584453,0
0.039171192,1.77864934,0.197917135,1.333660129,0
7.73E-05,0.182195531,0.008794634,0.426843684,0
2.578053933,0.290630812,1.605631942,-0.539101857,0
0.059714305,0.315148162,0.244365105,0.561380586,0
0.076858086,0.731013613,-0.277232909,-0.854993341,0
0.497881483,0.39856835,-0.705607173,-0.631322699,0
0.267500363,2.393263609,-0.517204373,1.54701765,0
1.417088979,1.435644236,1.190415465,-1.198183724,0
0.264515931,1.27563573,0.514311123,-1.12944045,0
0.249969485,0.862901884,0.499969484,-0.928925123,0
1.59460507,0.01865028,1.26277673,-0.136566029,0
0.506090192,0.015441419,-0.711400163,-0.124263507,0
0.341410037,0.373302293,-0.584303035,-0.610984691,0
0.783002656,0.254223079,-0.884874373,0.504205394,0
0.591935253,1.767509939,-0.769373286,-1.329477318,0
0.091067578,0.311817309,-0.301774052,-0.558406043,0
1.392951672,2.104438093,1.180233736,-1.450668154,0
0.049475096,1.216166821,-0.222429981,-1.102799538,0
0.012997771,1.514597148,-0.114007768,1.230689704,0
0.252083189,0.212382441,0.502078867,-0.460849695,0
0.212758062,0.917822832,-0.461257045,-0.958030705,0
0.079785706,0.37609474,0.282463636,0.613265636,0
0.224034554,0.051027112,0.473322886,-0.225891814,0
0.000937805,0.180823657,-0.030623606,-0.42523365,0
0.093694401,1.609502613,-0.306095411,1.268661741,0
0.535316196,0.361506448,0.731653057,0.601254063,0
0.242377512,0.37598549,-0.492318507,-0.613176557,0
0.843511637,2.257865554,-0.918428896,-1.502619564,0
2.022491042,0.562561158,1.422143116,0.750040771,0
3.172837209,0.401256156,-1.781245971,0.633447832,0
0.088576017,1.877517378,0.297617233,-1.370225302,0
2.631986835,0.319571354,1.622339926,-0.565306425,0
0.09413014,1.315155651,-0.306806356,1.146802359,0
0.047204945,0.005795688,-0.21726699,0.076129415,0
0.454060871,2.065720875,-0.67384039,1.437261589,0
0.437368466,1.479171763,0.66133839,1.216212055,0
1.767951627,0.010283903,-1.329643421,-0.101409579,0
0.858055431,2.1712702,0.926312815,1.473523057,0
0.020419637,0.804534432,-0.142897296,0.896958434,0
0.029839404,0.000459642,0.172740859,0.021439253,0
0.479686726,0.491035616,0.6925942,-0.700739335,0
0.006705324,3.586979364,-0.08188604,1.893932249,0
3.078260663,0.331393985,1.754497268,0.575668294,0
0.050636013,2.84394298,-0.225024473,-1.686399413,0
2.259357709,0.275318775,-1.503116,0.524708276,0
0.777672661,0.001488403,-0.881857506,0.038579828,0
0.627221592,0.211890871,-0.791973227,-0.460316056,0
0.019640868,1.828835979,0.140145882,-1.352344623,0
3.204614567,0.445395533,1.790143728,0.667379602,0
0.246109817,0.518114699,0.496094565,0.719801847,0
2.163122188,0.064193147,-1.470755652,-0.253363666,0
1.206633966,2.658617235,-1.098468919,1.630526674,0
1.188645721,0.062333156,-1.090250302,0.249666089,0
0.046310681,0.003205299,0.215199165,-0.05661536,0
0.169216554,3.21E-07,-0.411359398,0.000566705,0
0.519679932,1.285368939,-0.720888294,1.133741125,0
1.098202225,0.349204505,-1.047951442,-0.59093528,0
1.732345321,0.563757418,1.316185899,-0.750837811,0
0.210228132,3.150430928,-0.458506414,1.774945331,0
0.8178566,2.636077158,0.904354245,1.623600061,0
0.188507509,1.568696817,-0.434174514,-1.252476274,0
1.11352825,0.053332,-1.05523848,0.230937221,0
0.335380005,1.184163798,0.579120026,-1.088192905,0
1.079372896,0.599722062,1.038928725,0.77441724,0
0.219851622,0.004760157,-0.468883378,0.068993888,0
1.919012927,0.231208768,1.385284421,-0.480841729,0
1.308743123,1.335660796,-1.144003113,1.15570792,0
1.088539807,1.209322394,1.043331111,-1.099691954,0
0.140284299,0.178940981,-0.374545457,-0.423014162,0
0.004163621,0.474688316,-0.064526128,0.688976281,0
0.198144731,0.012086768,0.445134509,-0.109939838,0
0.19832789,0.523050355,-0.445340196,-0.723222203,0
3.26091079,0.008480078,-1.805799211,0.092087338,0
3.0022137,0.026092452,-1.73268973,-0.161531582,0
0.162536434,0.51050401,-0.403158076,0.714495633,0
0.088564157,1.339175077,-0.297597307,1.157227323,0
1.194155732,0.009052857,-1.092774328,-0.095146502,0
0.087377913,0.027136773,-0.295597552,0.16473243,0
0.321834627,0.014133421,0.567304704,0.118884065,0
3.098040449,0.045634944,1.760125123,-0.21362337,0
1.477681432,1.141888249,-1.215599207,-1.068591713,0
0.194158934,1.422444015,0.440634694,1.192662574,0
0.37153,0.30252001,-0.609532608,0.550018191,0
1.628932399,1.809112684,-1.27629636,-1.345032596,0
0.260746992,3.720754464,-0.510633912,1.928925728,0
1.142954921,1.654207134,-1.069090698,1.28615984,0
3.465644208,0.019067046,-1.861624078,0.138083475,0
0.037100146,3.108240539,-0.192613982,-1.763020289,0
0.190150163,1.059603011,-0.436062109,-1.029370201,0
1.925720124,0.279372662,-1.387703183,0.528557151,0
0.613707566,1.243723201,0.783394898,-1.115223386,0
0.369245615,0.258656333,-0.607655836,0.508582671,0
1.632163345,1.384777444,-1.277561484,-1.176765671,0
0.013713425,0.757887725,0.117104334,0.870567473,0
0.650291443,0.486480031,0.8064065,0.697481205,0
0.453999705,1.213081929,-0.673795002,1.101399986,0
2.338304876,0.131402852,1.529151685,-0.362495313,0
1.04539851,0.755241517,1.022447314,-0.869046326,0
0.459006799,0.619105012,-0.677500405,-0.786832264,0
2.267726416,0.13301942,-1.505897213,0.364718275,0
1.084908784,0.273454457,1.041589547,-0.52292873,0
0.771849242,0.335007827,0.87854951,-0.578798607,0
0.420940591,2.314933676,0.648799346,1.52149061,0
0.824122616,0.844560882,0.907811994,-0.918999936,0
3.041378421,0.199817432,-1.743954822,0.447009432,0
0.133183603,1.014980892,0.364943288,1.007462601,0
1.471320779,0.078972313,-1.212980123,-0.281020129,0
0.503782483,0.381866685,-0.709776361,0.617953627,0
0.00604499,0.32066183,0.077749533,0.566270103,0
0.523010672,3.328483962,0.723194768,1.82441332,0
3.232002846,0.380398157,1.797777196,0.616764264,0
0.080023083,2.297324146,0.282883515,-1.515692629,0
1.013527677,1.822593999,-1.006741117,1.350034814,0
0.001071595,1.246798463,0.032735224,1.1166013,0
1.724915049,0.700713921,-1.313360213,0.837086567,0
1.233676289,0.955959942,1.110709813,0.97773204,0
0.006707553,3.413646989,-0.081899652,1.847605745,0
0.355125652,2.675403057,-0.5959242,-1.635665937,0
1.326101749,0.456624457,-1.151564913,-0.675739933,0
1.303668862,0.69672901,1.141783194,0.834702947,0
0.262996765,0.011446373,0.512832102,0.106987725,0
0.024416595,3.072378089,0.156258104,-1.752820039,0
0.096809554,0.140171045,-0.311142337,0.374394238,0
0.051784201,1.539172779,0.227561422,1.240634023,0
3.518077748,0.213268513,-1.875653952,0.46181004,0
0.001144877,1.328658159,-0.033836025,1.152674351,0
0.084125161,2.23E-05,0.290043378,-0.004719826,0
0.785093676,2.099343463,-0.88605512,1.44891113,0
0.318791912,2.617923301,0.564616606,-1.617999784,0
0.003471461,1.48718553,-0.058919103,1.219502165,0
1.040674657,0.01453462,1.020134627,0.120559611,0
2.422200421,0.54833698,-1.556342,0.740497792,0
1.658696875,0.00629658,-1.287904063,0.07935099,0
1.31404009,1.118660564,-1.146315877,-1.057667511,0
0.004867837,2.560900518,0.069769884,-1.600281387,0
0.336291013,2.528579494,-0.579906038,-1.590150777,0
1.795253377,1.121551874,-1.339870657,-1.059033462,0
1.318945116,1.679868758,1.148453358,1.296097511,0
0.413035352,1.019030412,-0.642678265,-1.009470362,0
0.466761225,0.623508154,0.683199257,-0.789625325,0
1.034348607,0.064105415,1.017029305,0.253190471,0
0.011529222,0.761431011,-0.107374217,0.872600144,0
0.058290867,0.959838846,-0.241435017,0.979713655,0
2.110951716,0.317810406,-1.452911462,-0.563746757,0
0.749319852,0.030057262,-0.865632631,0.173370302,0
0.328306327,0.74339647,0.572980215,0.862204425,0
1.128428977,0.001367521,-1.062275377,0.03698001,0
0.434125138,2.304322103,-0.658881733,1.517999375,0
2.269204547,0.356525353,1.506387914,0.59709744,0
0.280165597,0.163927903,0.529306714,-0.40488011,0
0.234225652,3.648330403,-0.483968648,1.910060314,0
0.66402776,2.379232451,-0.814878985,1.542476078,0
0.106467358,2.803170399,-0.326293362,-1.674267123,0
0.152051116,0.486796964,0.389937323,-0.697708366,0
1.35317329,0.076741448,-1.163259769,-0.277022469,0
0.549082833,2.914520337,-0.741001237,1.707196631,0
0.625447794,2.688778229,0.790852574,1.639749441,0
3.289401865,0.046589071,1.813670826,0.215845017,0
1.982728093,0.413013532,-1.40809378,-0.642661289,0
0.03922268,3.105512505,-0.198047166,1.762246437,0
1.349602438,1.306519567,1.161723908,-1.143030869,0
2.427441876,0.001070513,-1.558024992,-0.032718698,0
0.057331799,0.347027038,0.239440596,0.589090008,0
0.450783145,1.159067502,-0.671403861,-1.076599973,0
0.235405427,0.373074232,0.485185972,-0.610798029,0
0.037738159,3.959413516,0.194263118,-1.989827509,0
0.150587875,0.613459348,-0.388056536,0.783236457,0
0.014660927,0.000260889,0.121082315,-0.016152059,0
0.370633478,3.143495508,0.608796746,-1.772990555,0
1.047555275,0.011498648,1.023501478,-0.107231747,0
3.265980554,0.454298118,1.807202411,0.674016408,0
0.696625983,1.253712193,-0.83464123,-1.119692901,0
3.610221247,0.023701439,1.900058222,0.153952717,0
0.646895673,2.267282204,-0.804298249,1.505749715,0
2.609724969,0.851709547,1.61546432,0.922881112,0
0.407919568,2.617653121,0.638685813,-1.61791629,0
0.000101987,0.93730623,0.010098878,-0.968145769,0
0.011573716,2.347926006,-0.107581208,-1.53229436,0
1.323357717,1.36216856,-1.15037286,-1.167119771,0
0.311361164,2.083511126,-0.557997459,1.443437261,0
3.200287644,0.328519383,1.788934779,-0.573166104,0
0.315436435,0.221946867,0.561637281,-0.471112372,0
0.944844047,1.992802344,-0.972030888,1.411666513,0
9.02E-05,1.657521554,-0.009496814,-1.28744769,0
0.971936723,0.405851917,-0.985868512,0.637065081,0
1.660744873,1.148633815,-1.288698907,1.071743353,0
0.153928963,0.00820505,0.392337817,0.090581732,0
0.187186968,1.808283021,-0.432651093,1.344724143,0
0.757516644,0.074499264,0.870354321,-0.272945533,0
0.975852562,2.530031357,-0.9878525,1.590607229,0
0.083402828,2.024775313,0.288795478,1.422945998,0
2.566764757,0.040027756,1.602112592,-0.200069378,0
0.944436979,4.67E-05,-0.971821475,-0.006837296,0
0.187379422,0.085600305,-0.432873448,-0.292575298,0
1.337874813,0.672051593,1.156665385,0.819787529,0
0.4876221,0.056502492,0.698299434,0.237702528,0
0.586582427,1.347606893,0.765886693,-1.160864718,0
1.160745064,0.006108628,1.077378793,0.078157711,0
0.070651964,0.060644387,0.265804371,-0.24626081,0
1.13602032,0.133929627,-1.06584254,-0.365963969,0
3.019218247,0.008874113,-1.737589781,0.094202512,0
0.33847423,0.003797761,-0.581785381,0.061625976,0
0.473218477,1.406374445,-0.687908771,1.185906592,0
0.157311023,0.148172598,-0.396624537,-0.384931939,0
1.205922645,0.007312572,1.098145093,-0.08551358,0
0.219171688,2.94179001,-0.46815776,1.715164718,0
0.521538002,0.160337083,-0.72217588,-0.400421132,0
2.668825078,0.012826465,1.633653904,0.113253984,0
3.041565798,3.54E-05,1.744008543,-0.005948316,0
1.459710134,1.271943613,1.208184644,1.127804776,0
0.450892119,2.924721416,0.67148501,-1.710181691,0
0.565068292,0.320056225,-0.751710245,-0.565735119,0
1.095514116,0.430593263,1.046668102,0.656196055,0
1.056046956,0.617699362,-1.027641453,0.785938523,0
0.149125326,1.399849571,0.386167485,-1.183152387,0
1.558221715,1.102800201,-1.248287513,-1.050142943,0
0.812314693,1.472678169,0.901285023,1.213539521,0
2.315528803,0.323409579,1.521686171,-0.56869111,0
0.387850968,2.452998923,-0.62277682,1.566205262,0
2.959242172,0.146773084,-1.7202448,0.383109754,0
0.411113736,3.151533436,0.641181516,-1.775255879,0
2.07384549,0.249965793,1.440085237,-0.499965792,0
0.526247752,0.224872198,-0.725429357,-0.474206915,0
0.878280676,0.091432177,-0.937166301,-0.302377541,0
2.603399085,0.706815723,-1.613505217,0.840723333,0
0.196079521,0.557719459,0.442808673,-0.746806172,0
1.038938529,0.019994837,1.019283341,-0.1414031,0
1.064401578,0.017168527,1.031698395,0.131028724,0
0.119221436,2.568292833,0.345284573,-1.602589415,0
0.011782681,0.645790029,-0.108548058,-0.80361062,0
0.002481801,0.179195235,0.049817677,0.423314582,0
0.006621467,0.653342703,0.081372394,-0.808296173,0
0.908538789,0.313687971,0.953173011,0.56007854,0
2.511396807,1.443150798,1.584738719,1.201312115,0
0.224088689,2.164262468,-0.473380068,-1.471143252,0
0.446493712,1.713773838,-0.66820185,1.309111851,0
2.425197558,0.01805377,1.557304581,-0.134364318,0
0.341247435,0.1550297,-0.584163877,-0.393738111,0
1.292998737,0.01995833,1.137101023,-0.141273952,0
2.770382388,0.08843238,-1.664446571,0.297375822,0
1.290668687,0.348763677,-1.136076004,-0.59056217,0
0.018819423,0.095930234,0.137183902,0.309726063,0
2.478164512,0.398548932,1.574218699,0.63130732,0
0.470345914,1.022767281,0.685817697,1.011319574,0
0.448038502,0.851427741,-0.669356782,-0.922728422,0
0.02046653,0.088350489,0.14306128,0.297238102,0
0.353478108,1.02707668,-0.594540249,-1.013447917,0
1.966254618,0.410674393,1.402232013,0.64083882,0
2.041855297,0.271308986,-1.428935022,0.520873292,0
0.648174866,0.037078154,-0.805093079,0.192556886,0
0.024304784,3.805634202,-0.155899916,-1.950803476,0
0.398428855,0.504619274,-0.631212211,-0.710365592,0
1.230212289,1.111715731,1.109149354,-1.054379311,0
3.941397726,0.004253317,-1.985295375,0.065217458,0
1.346373427,0.049441313,-1.160333326,0.222354026,0
0.142293179,0.22164867,-0.377217681,-0.470795784,0
0.0386845,0.753346059,0.196683756,0.867955102,0
1.360876921,0.046265179,1.166566295,0.21509342,0
0.958193764,1.624867634,0.978873722,-1.274702959,0
0.040744651,0.102934373,-0.201853044,-0.320833871,0
2.752993454,0.49845819,1.65921471,-0.706015715,0
0.009491618,0.915135716,0.097424937,0.956627261,0
0.864595963,2.299095362,-0.929836525,-1.516276809,0
0.351816668,0.195402904,-0.593141356,0.442044007,0
0.306591075,1.170282069,0.553706669,1.081795761,0
0.351124701,0.624883186,-0.592557762,0.790495532,0
0.246554735,0.068483992,-0.496542783,0.261694464,0
0.302068876,2.220659983,-0.549607929,1.490187902,0
0.396820232,0.170954934,-0.629936689,-0.413466969,0
0.300702115,1.482329329,-0.548363123,-1.217509478,0
2.642618582,0.775649414,1.625613294,0.880709608,0
2.577430472,0.84487225,-1.605437782,0.919169326,0
0.815795678,1.178416115,-0.903214082,-1.085548762,0
0.022502234,0.007906048,-0.150007447,0.088915961,0
0.306882178,1.271687052,0.553969474,-1.127691027,0
0.06545334,0.492519871,0.255838503,-0.7017976,0
1.794834181,0.198885434,1.339714216,-0.445965732,0
0.120333813,1.528846693,0.346891645,1.236465403,0
0.381495614,1.363291194,-0.617653312,1.167600614,0
0.350739069,0.491550974,0.592232276,-0.701106963,0
1.587035023,0.23859493,1.259775783,0.4884618,0
0.062261596,0.544419767,-0.249522737,-0.737848065,0
1.770379748,0.005762424,-1.33055618,0.075910631,0
0.048830519,2.019807203,-0.220976287,-1.421199213,0
0.692709228,0.000467581,-0.832291552,0.021623622,0
0.451870987,3.076914311,-0.672213498,-1.75411354,0
2.62E-05,2.83093501,-0.005121146,1.682538264,0
0.286957665,0.069184814,-0.535684296,0.263030063,0
2.929732611,0.336231231,-1.71164617,0.579854491,0
0.292912917,2.566779766,-0.541214299,-1.602117276,0
0.219725201,0.108018618,-0.468748548,-0.32866186,0
0.015947146,0.055006503,-0.12628201,0.234534652,0
0.266008119,0.363489172,-0.515759749,0.602900632,0
0.378716335,3.321158399,-0.61539933,1.822404565,0
1.673115899,0.656754303,-1.293489814,0.81040379,0
1.60339238,0.38587637,-1.26625131,0.62118948,0
0.242910983,2.879745604,-0.492860003,-1.696981321,0
0.03167924,1.62516718,-0.177986629,1.27482045,0
1.048220817,2.173159882,1.023826556,1.47416413,0
0.06994023,0.294441732,0.264462153,0.542624854,0
0.027112997,0.433871481,0.164660246,-0.658689214,0
0.264569905,0.00334465,0.514363592,-0.057832945,0
0.292164591,0.170399529,0.540522517,-0.412794778,0
0.592760236,2.954519179,-0.769909239,1.718871484,0
1.611756301,2.213379642,1.269549645,1.487743137,0
2.248387366,0.141244492,-1.499462359,-0.375825081,0
3.385942543,0.160300504,1.84009308,-0.400375454,0
0.191347742,3.633603457,0.437433129,-1.906201316,0
0.221089293,1.062062931,0.470201332,1.030564375,0
1.340735928,0.899633906,1.157901519,0.94849033,0
0.827750087,0.001039462,0.90980772,0.032240684,0
2.087626352,0.212786622,1.444862053,0.461288003,0
1.231109904,0.14820619,1.109553921,0.384975571,0
0.433143083,2.607732994,0.658136067,-1.614847669,0
2.792367687,0.729864621,-1.671037907,-0.854321146,0
1.6228412,0.960926379,1.273907846,-0.980268524,0
1.201858675,0.582373659,-1.096293152,-0.763134103,0
0.961233887,1.023259258,-0.98042536,-1.01156278,0
0.099669401,0.957489012,-0.31570461,-0.978513675,0
0.014395129,1.920642254,0.119979704,1.38587238,0
1.227609035,0.517628843,-1.107975196,0.719464275,0
0.981260086,8.19E-05,-0.990585729,0.009049759,0
0.461669595,0.720728445,-0.679462725,0.848957269,0
0.443541172,1.00158581,-0.665988868,-1.000792591,0
0.083773369,2.815023172,0.289436295,-1.677803079,0
0.08624231,0.159310633,-0.29367041,-0.399137361,0
0.687874472,0.311154482,-0.829381982,0.557812228,0
0.248273565,1.18197087,0.498270574,-1.087184837,0
0.220422116,1.968156771,-0.469491338,-1.402910108,0
1.931002959,0.016833818,1.389605325,0.129745203,0
2.479071591,0.09473913,-1.574506777,0.307797222,0
1.669417232,0.223712656,1.292059299,-0.472982723,0
2.328187605,1.359278788,1.525839967,1.165881121,0
0.427971005,0.337861058,-0.654194929,0.581258168,0
0.476695972,1.670382302,0.690431729,1.292432707,0
1.822751106,1.994854057,1.350092999,-1.412393025,0
0.025517226,1.579086277,-0.159741122,-1.256616997,0
0.73706634,0.109068142,0.858525678,-0.330254663,0
1.735050103,0.577580664,-1.317213006,-0.759987279,0
0.016158826,2.21662182,-0.127117372,-1.488832368,0
0.352307917,2.174536406,-0.593555319,1.474630939,0
0.27085602,1.002129683,0.520438296,1.001064275,0
1.126928079,0.480326589,1.061568688,-0.693055978,0
1.730201638,0.214464726,1.315371293,0.463103364,0
0.158107577,0.080146385,0.397627435,-0.283101369,0
0.270034035,0.007503973,-0.519647991,0.086625477,0
0.165110248,0.915517255,0.406337603,0.956826659,0
1.073280955,2.914968992,1.035992739,1.707328027,0
0.79763464,2.41764974,0.893103936,-1.554879333,0
0.013711796,3.643682377,0.117097378,1.908843204,0
1.890980099,0.650525737,-1.375129121,0.806551757,0
3.159353437,0.249157141,1.777457014,-0.499156429,0
0.126822411,1.784594921,0.356121343,-1.335887316,0
0.000490945,0.886974108,0.022157283,-0.941793028,0
0.770012565,0.269157432,-0.877503598,0.518803847,0
0.262300557,0.347528916,0.512152865,-0.589515832,0
0.026588913,1.111874887,0.163061071,1.054454782,0
0.170943516,1.2499974,-0.413453161,1.118032826,0
0.416292878,1.831172898,-0.645207624,-1.353208372,0
0.009920113,1.458708054,0.099599763,-1.207769868,0
2.981614879,0.397903538,-1.726735324,0.630795956,0
1.214846597,2.686663011,-1.102200797,-1.639104332,0
1.78553405,0.348257861,1.33623877,-0.590133765,0
0.073090456,3.86414371,0.270352467,1.965742534,0
2.506356646,0.006013831,-1.583147702,0.077548897,0
0.26681282,0.888388372,0.516539272,-0.942543565,0
0.136434486,0.811339536,0.369370391,-0.900743879,0
1.011448803,2.517628816,-1.00570811,-1.586703758,0
2.509360777,0.686851714,1.584096202,0.828765174,0
3.627092745,0.06558566,-1.904492779,0.256096974,0
2.773045376,0.098193113,-1.665246341,0.313357804,0
0.197349995,0.273361692,-0.44424092,-0.522840025,0
0.016783163,1.581429691,0.129549846,-1.257549081,0
1.271177308,0.15896712,1.127464992,-0.398706809,0
0.039955592,0.514869386,0.199888948,-0.717543996,0
2.059614945,1.060235301,1.435135863,-1.02967728,0
0.366536147,0.012373488,0.605422288,-0.111236181,0
2.319361802,1.376136943,1.522945108,-1.173088634,0
0.150512481,0.005078545,0.387959381,0.071263911,0
0.166478968,2.545519307,-0.408018343,1.595468366,0
0.224076599,0.960079461,-0.473367298,0.979836446,0
0.048718816,0.629357265,0.220723393,0.793320405,0
0.004624085,0.722128793,0.068000624,0.849781615,0
0.124016025,2.930957429,-0.35215909,1.712003922,0
1.221789742,0.374354965,-1.105345983,-0.61184554,0
1.970067824,1.210903207,-1.403591046,1.100410472,0
1.579807884,0.629540892,-1.256904087,0.79343613,0
2.946770807,0.471000392,1.716616092,-0.686294683,0
0.449691501,0.470571094,-0.670590412,0.685981847,0
0.209948353,1.44072038,-0.458201215,-1.200300121,0
0.585936968,1.508424712,0.765465197,-1.22817943,0
0.948003757,0.351474811,0.973654845,0.592853111,0
0.008430401,0.014929947,0.091817216,-0.122188164,0
0.859743126,3.009065733,-0.927223342,-1.734665885,0
1.763110419,0.554805747,-1.327821682,0.744852836,0
0.680320376,0.027846933,-0.824815359,-0.166874002,0
0.863990675,0.139150644,0.929510987,-0.373029012,0
0.081946014,0.035684656,0.286262142,-0.188903828,0
0.259581322,3.007945968,0.509491238,1.734343094,0
2.071445591,0.058481747,1.439251747,-0.241829997,0
1.108300634,0.080659374,1.052758583,-0.28400594,0
0.10402829,3.769841529,0.322534169,1.941607975,0
0.432035208,1.966984337,-0.657293852,-1.402492188,0
2.815522549,0.055732614,-1.677951891,0.236077559,0
0.897759435,2.251268732,0.947501681,1.500422851,0
1.27007502,0.676285126,1.126976051,-0.822365567,0
0.206198273,0.159094819,0.4540906,0.398866919,0
0.350044228,0.046688195,-0.591645357,-0.216074513,0
0.57330091,0.000508021,0.757166369,0.022539318,0
1.049586425,1.167054788,-1.024493253,1.0803031,0
0.263335726,3.342312611,-0.513162475,-1.828199281,0
3.018382858,0.002156876,1.737349377,0.04644218,0
0.000921605,1.596001491,-0.030357954,-1.263329526,0
1.094456449,2.358478575,1.046162726,1.535733888,0
0.296902168,1.307709921,0.544887298,-1.143551451,0
0.754727761,1.631580173,-0.86875069,-1.277333227,0
0.003209645,0.429332323,-0.056653727,-0.655234556,0
0.383597522,1.153226021,-0.619352502,-1.073883616,0
0.000339694,3.864286346,0.01843079,1.965778814,0
2.713526674,1.227751596,-1.647278566,1.108039528,0
1.144887988,0.639577028,1.069994387,0.799735599,0
1.138606273,2.218577341,-1.067054953,-1.489488953,0
0.846653503,0.008565258,-0.920137763,-0.092548681,0
0.077450293,2.181079672,0.278298927,-1.476847884,0
1.436686575,2.131255585,-1.198618611,-1.459882045,0
1.392721642,0.415594932,1.180136281,-0.644666528,0
2.253728446,0.172884907,1.501242301,0.415794308,0
1.122099806,0.075816624,1.059292125,-0.275348187,0
1.516850083,1.174421389,1.231604678,-1.083707243,0
1.719057652,2.099032596,-1.311128389,1.44880385,0
0.084645985,0.000492678,0.290939831,-0.022196356,0
0.398738639,3.319487704,-0.631457551,1.821946131,0
2.203350334,0.00144779,-1.484368665,-0.038049838,0
0.01055199,0.230898046,-0.102722878,-0.480518518,0
0.392908696,0.009914189,-0.626824294,-0.099570023,0
8.142341399,0.272964163,2.853478824,-0.522459724,1
3.21069595,5.04E-05,1.791841497,0.007096033,1
0.626329252,2.481042887,-0.791409661,1.575132657,1
2.625070684,5.785539792,-1.620206988,2.405314905,1
0.092889213,3.518474951,0.304777317,-1.875759833,1
4.520311985,2.769805937,2.126102534,1.664273396,1
5.195732259,0.814925791,-2.279414894,-0.902732403,1
2.140727476,2.107501896,1.463122509,1.451723767,1
4.031686204,1.294779381,-2.007905925,-1.137883729,1
2.346688832,1.509099881,-1.531890607,-1.228454265,1
0.049210702,4.108077325,-0.221834854,2.026839245,1
3.220654922,0.890448346,-1.794618322,0.943635706,1
7.875151313,0.840772178,2.80627,0.9169363,1
1.96E-06,4.650624634,-0.001400475,-2.156530694,1
0.238929745,5.166574965,0.488804404,-2.273010111,1
2.375099489,0.789559957,-1.541135779,0.888571864,1
0.700346891,3.789035405,0.836867308,-1.946544478,1
0.271486807,2.843013725,0.521043959,1.686123876,1
5.702294547,2.442796614,2.387947769,1.562944853,1
7.098014567,0.331588658,-2.664209933,0.575837354,1
3.553474537,2.265196859,1.885066189,1.505057095,1
0.79464811,2.496261249,-0.891430373,1.579956091,1
5.092580489,3.468394487,2.256674653,1.862362609,1
3.304164962,1.938807276,-1.817736219,-1.392410599,1
1.210743301,4.06165844,-1.100337812,-2.015355661,1
0.320120493,3.638684294,0.565791917,-1.907533563,1
0.347253798,5.904151205,0.589282443,-2.429845922,1
8.123151569,0.084578259,-2.850114308,0.290823416,1
3.009941306,2.109847573,-1.734918242,-1.452531436,1
0.280238614,5.427521324,0.529375683,2.329704128,1
4.384431528,0.950634777,2.093903419,0.975005014,1
0.99188216,2.623077255,0.995932809,-1.619591694,1
0.514338277,3.547729034,-0.717173812,1.88354162,1
3.033535562,5.540886907,1.741704786,2.353908857,1
1.97748738,2.501714299,1.406231624,1.581680846,1
0.278600392,3.838196285,0.5278261,1.959131513,1
2.373254917,3.735069683,1.540537217,1.932632837,1
8.552342658,0.174897448,2.924438862,-0.418207422,1
5.11497028,0.077490738,-2.261630005,-0.278371583,1
0.144834534,5.839122332,0.380571326,2.416427597,1
4.693131135,0.727316391,2.166363574,0.852828465,1
5.332126528,0.512747361,2.309139781,-0.716063797,1
0.931298965,4.753961422,-0.965038323,-2.180358095,1
0.003806186,6.388018708,0.061694293,2.527453008,1
0.262458461,6.460789246,-0.512306999,2.541808263,1
3.339631097,0.516661463,-1.827465758,0.718791669,1
2.796893604,0.500582267,1.672391582,0.707518386,1
4.459415038,0.247064817,-2.11173271,0.497056151,1
5.446660052,3.402928206,-2.333808058,1.844702742,1
5.109986378,0.000572315,2.260527898,-0.023923113,1
2.255062536,1.630535548,-1.501686564,-1.276924253,1
1.224807657,2.940582627,-1.106710286,-1.714812709,1
1.043745231,4.929476506,-1.021638503,2.220242443,1
1.135769658,5.654777633,1.065724945,-2.377977635,1
6.657160895,0.342411949,-2.580147456,-0.585159764,1
2.752460981,1.102238017,-1.659054243,1.049875239,1
0.247194559,3.896512104,0.497186644,1.973958486,1
8.405294921,0.440774476,-2.899188666,-0.663908485,1
0.387025919,4.960034417,0.622114072,-2.227113472,1
3.092519694,4.230899663,1.758556139,-2.056915084,1
0.906900669,2.179606266,0.952313325,-1.476348965,1
0.78369719,5.52662936,0.885266734,-2.350878423,1
0.855258645,2.609950913,-0.924801949,-1.61553425,1
0.642955176,5.117864205,0.801844858,-2.262269702,1
4.585607566,3.886253776,-2.141403177,1.971358358,1
7.052311025,0.161176482,-2.655618765,-0.401467909,1
0.057374319,4.510054132,-0.23952937,-2.123688803,1
3.662862603,0.448074017,1.913860654,0.669383311,1
5.002691499,0.959464781,-2.236669734,-0.979522731,1
3.268655675,2.746819344,1.807942387,-1.657353114,1
5.181033022,0.009380116,-2.276188266,0.096850998,1
5.201543765,2.957199593,2.280689318,1.719651009,1
7.138732251,0.580949143,2.671840611,-0.762200199,1
5.085967602,0.144549607,2.255208993,-0.3801968,1
2.856041178,2.073218922,-1.689982597,-1.439867675,1
5.558510005,0.41159759,-2.357649254,-0.641558719,1
0.15262677,8.345549083,0.390674763,-2.888866401,1
5.315932639,2.625290943,2.305630638,1.620274959,1
0.078844102,3.939922805,-0.280791919,-1.984923879,1
3.751366606,3.107100767,1.936844497,1.762697015,1
0.637823335,7.173118692,-0.798638426,2.678267853,1
3.435873053,0.037915781,1.853610815,0.194719749,1
4.806297894,0.066253218,2.19232705,0.257397005,1
0.39245111,8.432786986,0.626459185,-2.903926133,1
0.320048145,5.695161477,0.565727978,2.386453745,1
5.298178057,1.851529309,2.301777152,-1.36070912,1
5.446453628,0.169142706,2.333763833,0.411269627,1
2.155412494,4.832133768,-1.468132315,-2.198211493,1
4.917127273,0.006393189,-2.217459644,-0.07995742,1
1.300600077,3.548749509,1.140438546,-1.883812493,1
0.471410338,3.574356468,0.686593284,-1.890596855,1
0.005479719,3.461233604,0.074025123,-1.860439089,1
8.607516204,0.000680442,-2.933856882,0.026085292,1
0.350134884,7.531866281,0.591721965,-2.744424581,1
0.048730214,7.352387251,0.220749211,-2.711528582,1
2.162704572,3.129264657,-1.470613672,-1.768972769,1
5.311596729,0.717975228,2.304690159,-0.847334189,1
0.237291218,4.583348956,0.487125464,2.140875745,1
0.380990483,7.418440445,0.617244265,2.723681414,1
0.145062995,6.06569662,0.380871363,2.4628635,1
4.340454207,0.819360413,2.083375676,0.905185292,1
0.076768664,4.632750672,-0.277071586,2.152382557,1
3.689269695,0.604045324,-1.920747171,0.777203528,1
0.153471644,3.725951148,-0.391754571,1.930272299,1
1.795047512,1.361397898,1.339793832,1.166789569,1
5.854412739,0.113148597,-2.419589374,-0.336375678,1
5.787898911,1.814882254,-2.405805252,-1.347175658,1
1.930388111,1.073403231,1.389384076,-1.036051751,1
0.9882544,6.850482087,0.994109853,-2.617342562,1
4.011155163,1.78813543,-2.002786849,-1.337211812,1
1.049993,3.724621526,-1.024691661,1.929927855,1
0.96364007,6.387846306,0.981651705,2.527418902,1
4.649976598,0.191904049,2.156380439,0.438068544,1
5.072006573,1.80912578,2.252111581,1.345037464,1
2.286655798,1.250596328,1.512169236,-1.118300643,1
0.842448331,7.717165191,0.917849841,-2.777978616,1
2.476149743,1.10859467,1.573578642,1.052898224,1
0.004441028,6.562595033,0.066641042,2.56175624,1
2.862822194,2.030136958,-1.691987646,-1.424828747,1
2.748133113,0.245579889,-1.657749412,0.495560177,1
6.033032389,0.069679376,-2.456223196,-0.263968513,1
0.398029818,6.494473722,-0.630896044,2.548425734,1
1.147484587,6.940019561,1.07120707,-2.634391687,1
0.19750633,3.982421595,0.444416843,1.99560056,1
6.562313166,1.570946118,-2.561701225,1.253373894,1
0.314409428,8.438679047,0.560722238,2.904940455,1
1.555646429,3.614905124,1.247255559,-1.901290384,1
0.89013439,6.262582922,0.943469337,-2.502515319,1
0.242778883,7.813038763,-0.492725972,2.795181347,1
0.611229885,7.930207925,-0.781811924,2.816062486,1
6.061162897,0.01447671,2.461942911,0.120319202,1
0.955317303,7.394230382,-0.977403347,2.719233418,1
1.141534829,6.21922992,1.068426333,2.493838391,1
0.299158762,2.708039045,-0.546954077,1.645612058,1
1.607836548,1.875836127,-1.268004948,-1.36961167,1
2.931343711,0.442548144,-1.712116734,-0.665242921,1
6.867997197,0.311563264,2.620686398,-0.558178523,1
0.010290925,5.400349547,-0.101444195,2.323865217,1
1.252613712,2.767114974,-1.119202266,-1.66346475,1
1.443359466,6.399308638,-1.201398962,-2.529685482,1
0.654617191,6.593190061,-0.809084168,-2.567720791,1
0.366278963,3.237016071,-0.60520985,-1.79917094,1
6.285212743,0.788037815,2.507032657,-0.88771494,1
3.386925007,2.367639007,-1.840360021,-1.538713426,1
1.530127093,7.071818964,1.236983061,-2.659289184,1
0.002742883,4.216807011,-0.052372536,-2.05348655,1
4.716640882,0.261482948,-2.171782881,-0.511354034,1
8.753737027,2.17E-05,2.958671497,0.00465948,1
6.407525415,0.002010572,-2.531309032,-0.044839406,1
0.115181299,6.089526904,-0.339383705,2.46769668,1
2.702176816,0.33779872,1.643829923,-0.581204542,1
2.813208551,0.747320139,-1.677262219,-0.864476801,1
0.751885433,4.100838021,-0.867113276,2.025052597,1
2.800646387,2.950512144,-1.673513187,1.717705488,1
2.193578156,1.141295087,1.481073312,1.068314133,1
1.387060164,7.003315593,-1.177735184,-2.646377825,1
0.414817393,2.504297749,0.64406319,1.582497314,1
3.615596512,3.350296988,-1.901472196,1.830381651,1
7.604593592,0.077050824,-2.75764276,-0.277580302,1
1.127969749,2.822862389,1.062059202,-1.68013761,1
5.845271375,0.049617967,-2.417699604,-0.222750909,1
0.965957584,6.934529795,-0.982831412,-2.633349539,1
1.197295601,1.96636396,-1.094210035,1.402271001,1
4.0860319,0.531188156,2.021393554,0.728826561,1
1.998118788,2.982762388,1.413548297,1.727067569,1
7.17157327,1.172889373,2.677979326,-1.083000172,1
0.416872319,3.477606873,0.645656502,-1.864834275,1
3.30466865,1.43101613,-1.817874762,-1.196250864,1
0.586877293,4.278281162,-0.766079169,-2.068400629,1
7.176935025,0.176849976,2.678980221,-0.420535345,1
1.594161182,3.365700772,1.262600959,1.834584632,1
0.301362585,5.556937677,0.548965013,-2.357315778,1
0.608983574,4.300474208,-0.780373996,-2.073758474,1
3.703466569,0.192747149,1.924439287,0.439029782,1
0.245021347,8.239292554,0.49499631,-2.870416791,1
3.163374875,3.970097084,1.778587888,-1.992510247,1
2.530304592,2.916990607,-1.590693117,1.707919965,1
5.531960556,0.531737664,2.352012023,-0.729203445,1
2.608694615,0.30712724,-1.615145385,-0.554190617,1
1.779597538,2.211110734,-1.334015569,-1.486980408,1
1.143323757,5.392454973,-1.069263184,-2.322166009,1
3.25495281,0.425112343,1.804148777,0.652006398,1
4.582193825,0.215349341,-2.140605948,0.464057476,1
1.368088692,4.215869585,-1.169653236,2.053258285,1
0.524711332,8.070884566,0.72436961,-2.840930229,1
4.602628763,3.680864753,-2.145373805,-1.918557988,1
2.014185241,3.200274255,1.419219941,-1.788931037,1
4.265626664,2.58129234,-2.065339358,-1.606640078,1
3.092563524,0.006940191,1.758568601,-0.08330781,1
2.535741021,4.924623824,-1.592401024,2.219149347,1
7.449075783,0.854846298,2.729299504,-0.924578984,1
5.073865812,0.700140026,2.25252432,-0.836743704,1
1.759300161,4.116115888,-1.326386128,-2.028821305,1
2.455954985,1.402459689,-1.56714868,-1.184254909,1
1.349472166,5.40723987,1.161667838,2.325347258,1
2.76570422,4.855137209,1.663040655,-2.203437589,1
6.642987255,0.15508709,-2.57739932,-0.393810983,1
0.004271454,6.963635563,-0.065356358,-2.63887013,1
0.328270559,4.279854938,0.572949002,-2.068781027,1
0.288538237,4.68202001,-0.537157553,-2.16379759,1
0.018450728,4.424031247,0.135833457,2.10333812,1
1.228784787,1.940005867,-1.108505655,1.392840934,1
0.341899546,5.098561579,-0.584721768,-2.257999464,1
7.883009419,0.048249868,-2.807669749,0.219658527,1
3.846802008,0.370874545,-1.961326594,-0.6089947,1
3.746483838,1.441633329,-1.935583591,-1.200680361,1
0.318933529,6.507829929,0.564742002,-2.55104487,1
0.184526532,5.690382752,-0.429565515,2.385452316,1
0.061369222,7.283108551,0.247728122,-2.698723504,1
0.288124631,3.267286262,0.53677242,1.807563626,1
0.017146435,6.82257666,0.130944397,-2.612006252,1
2.791391715,0.773166571,1.670745856,-0.879298909,1
4.050645141,4.711240163,-2.01262146,-2.170539141,1
8.085993936,0.016742538,-2.843588215,-0.129392959,1
0.194962039,6.228575362,0.441545059,2.495711394,1
6.749485459,0.122793427,2.597977186,-0.350418931,1
2.459386374,5.524250202,1.568243085,-2.350372354,1
5.025112257,0.73891433,-2.241676216,-0.859601262,1
2.473758399,5.968947337,-1.572818616,2.443142922,1
0.134559908,5.609785064,-0.366824083,2.368498483,1
7.630993527,0.638447245,2.762425298,0.799028939,1
0.098991063,7.115755588,-0.314628453,-2.667537364,1
2.400615269,1.839871988,-1.549391903,1.35641881,1
6.966048148,0.066883993,2.639327215,0.258619397,1
3.559146437,4.306585156,1.886570019,-2.07523135,1
3.157276365,1.954711642,-1.776872636,-1.398110025,1
5.533131102,2.221893425,-2.352260849,1.490601699,1
2.848462193,5.669048894,-1.687738781,-2.380976458,1
4.585099755,1.312243109,2.141284604,-1.145531802,1
1.141913085,3.665921392,1.068603334,1.914659602,1
0.615532161,3.032906281,-0.784558577,-1.741524126,1
0.163568207,4.328351106,-0.404435665,-2.080468963,1
0.444393396,4.402604715,0.666628379,-2.098238479,1
6.617097027,1.775782337,2.572371868,1.332584833,1
1.022618527,7.814689634,1.011246027,-2.795476638,1
0.508791338,5.375953464,0.713296108,-2.318610244,1
3.966089735,0.665965224,1.99150439,-0.816066924,1
2.575312673,1.322435325,1.604778076,-1.14997188,1
2.149223014,2.783914842,1.466022856,-1.66850677,1
3.442020728,1.380523007,1.855268371,-1.174956598,1
1.242176445,7.390455953,-1.114529697,-2.718539305,1
2.396850949,0.513280483,-1.548176653,0.716435959,1
2.361081345,1.643109363,-1.536581057,-1.281838275,1
3.236105499,4.370515726,1.798917869,-2.090577845,1
1.437274423,4.483096886,-1.198863805,-2.117332493,1
2.269193123,6.26885865,-1.506384122,2.503768889,1
7.655123866,0.203272942,-2.766789451,-0.450858006,1
7.515765441,0.084819298,-2.741489639,0.291237529,1
4.530275632,1.447599525,-2.128444416,-1.203162302,1
2.746905829,1.477868331,1.657379205,1.21567608,1
2.831725952,0.944720253,1.682773292,0.971967208,1
0.028846126,8.246301828,-0.169841473,-2.871637482,1
2.912926815,0.004634435,-1.70672986,0.068076687,1
0.018891113,5.285856111,0.137444946,-2.299098978,1
2.278638835,3.64732216,1.509516093,-1.909796366,1
0.236615373,5.668936169,0.486431262,-2.380952786,1
0.861472825,3.509900179,0.928155604,-1.873472759,1
0.003309898,4.436153236,-0.057531715,-2.106217756,1
0.058515904,8.291308522,-0.241900608,-2.879463235,1
2.738318857,3.049564238,1.65478665,1.746300157,1
3.235510499,0.491725589,-1.798752484,-0.70123148,1
4.461587613,0.110289355,2.112247053,-0.332098412,1
1.272878866,1.931941029,-1.128219334,1.389942815,1
0.57242069,6.812463265,0.756584886,-2.61006959,1
2.727271041,3.986569049,1.651445137,-1.996639439,1
2.260146761,5.870409845,-1.503378449,2.422892867,1
5.444817857,0.314432986,2.333413349,0.560743244,1
0.051918919,2.913423932,-0.227857233,1.706875488,1
7.580604794,0.059867455,-2.753289813,0.244678268,1
2.607610687,3.433796686,-1.614809799,-1.853050643,1
0.337693756,4.97426389,-0.581114237,2.230305784,1
0.146457866,7.139237665,0.382698139,-2.671935191,1
5.385006302,0.145806711,-2.320561635,-0.38184645,1
1.622104868,2.286792567,1.273618808,-1.512214458,1
6.688579809,2.161463026,2.586228878,-1.470191493,1
8.454317852,0.087975348,2.907630969,0.296606385,1
2.546214854,3.929389036,-1.595686327,1.982268659,1
0.365867239,3.368105909,0.604869605,1.835240014,1
6.43468817,0.380186137,2.536668715,-0.616592359,1
2.677206955,2.094661248,-1.63621727,1.447294458,1
6.688358259,2.009611067,-2.586186045,-1.417607515,1
1.646103683,5.144241887,1.283005722,2.268092125,1
6.476330727,0.102559068,-2.544863597,-0.320248448,1
6.089137113,0.053857982,2.4676177,-0.232073225,1
3.9572228,2.990716177,1.989276954,1.729368722,1
8.022748864,0.457867423,2.832445739,-0.676659015,1
6.975368553,0.302730722,-2.641092303,0.550209707,1
5.502449575,0.183622547,2.345730073,0.428512015,1
6.752300437,0.58680005,-2.598518893,-0.766028753,1
0.261841269,6.148266567,0.511704279,-2.479569835,1
0.81783348,5.614093171,-0.904341462,2.369407768,1
0.06732488,7.969539038,0.259470384,2.823037201,1
1.642431179,3.765908193,-1.281573712,1.940594804,1
2.35043249,0.653892679,-1.533112028,-0.808636308,1
5.005497571,1.074566574,-2.237296934,1.03661303,1
3.55316796,1.821633322,-1.88498487,1.34967897,1
5.04086665,0.000429493,-2.245187442,0.020724221,1
2.400539848,0.815345909,1.549367564,0.902965065,1
3.534557516,0.019397079,1.880041892,0.139273398,1
0.843632707,5.685413495,-0.918494805,-2.384410513,1
3.858998155,2.886582121,1.964433291,-1.698994444,1
0.006593637,3.485302564,0.081201216,-1.866896506,1
3.694331473,1.503936128,-1.922064378,1.226350736,1
4.232544787,0.014101585,2.057314946,0.118750094,1
0.190229521,7.78460093,-0.436153093,2.790089771,1
0.038431722,3.379280127,-0.196040103,-1.838281841,1
1.97854498,5.068461761,1.406607614,2.251324446,1
0.81668071,4.119124445,-0.903703884,2.029562624,1
0.219719009,3.313607283,-0.468741943,-1.820331641,1
7.510042755,1.145303333,-2.740445722,1.070188457,1
5.415495341,0.188788048,2.327121686,0.434497466,1
3.691902768,0.049225379,-1.921432478,-0.221867932,1
1.958173249,3.298157543,-1.399347437,1.816083022,1
0.343932111,5.819053852,0.586457254,2.412271513,1
3.031467567,0.000124124,1.741111015,0.011141111,1
4.257554543,1.166690955,-2.063384245,1.080134693,1
4.199582643,3.227530554,-2.049288326,1.796532926,1
3.216739573,1.857046609,1.793527132,1.362734974,1
8.041333383,0.813190585,-2.83572449,0.901770805,1
7.127649277,1.555903412,2.669765772,-1.247358574,1
6.161737823,0.156438004,2.482284799,0.395522444,1
0.453477066,8.092374728,-0.673407058,-2.844709955,1
2.453043961,2.011658823,-1.56621964,1.418329589,1
4.938471446,0.444368451,2.222267186,0.666609669,1
5.093588894,1.246582667,2.256898069,-1.116504665,1
8.850078709,0.002802921,-2.974908185,0.052942618,1
4.284974309,1.048804393,2.070017949,-1.024111514,1
3.535236695,5.407223095,1.880222512,2.325343651,1
7.041837019,0.289746315,2.653645986,0.538280889,1
4.852230534,0.223496762,-2.202777913,-0.472754442,1
0.299675565,4.938101268,0.54742631,2.222183896,1
2.134408057,5.846281606,-1.460961347,-2.417908519,1
5.37587957,2.147768872,-2.318594309,-1.465526824,1
7.156239562,0.130435253,-2.675114869,-0.361158211,1
2.431919546,2.595858709,1.5594613,-1.611166878,1
0.026947772,3.482727891,0.164157766,1.866206819,1
5.772498744,0.926272983,-2.402602494,-0.962430768,1
0.573552438,7.109155135,0.757332449,2.666299896,1
2.477319009,0.970370248,-1.573950129,-0.985073727,1
5.634373752,1.00824946,2.373683583,-1.004116258,1
0.211630564,4.776333531,0.460033221,2.185482448,1
0.001242481,7.172853102,-0.035248849,-2.67821827,1
7.156010232,0.602021446,-2.675072005,-0.77590041,1
6.137742577,0.737128689,2.477446786,-0.858561989,1
7.073143038,0.394063962,-2.659538125,-0.627745141,1
3.248977882,0.725641606,1.802492131,-0.851845999,1
2.374025193,2.528018907,-1.540787199,1.589974499,1
8.617721139,0.23788301,2.935595534,-0.487732519,1
3.499493213,1.51628622,1.870693244,1.231375743,1
2.853671564,5.807186149,1.689281375,2.409810397,1
0.717095292,4.687244385,-0.846814792,2.165004477,1
2.580361193,5.486292828,1.606350271,2.342283678,1
0.168700534,5.999260508,-0.410731706,-2.44933879,1
4.330163168,1.150679036,2.080904411,1.072697085,1
1.977722197,2.230892256,1.406315113,1.493617172,1
0.73200047,6.492510731,0.85557026,-2.548040567,1
0.218674877,7.189932393,0.467626857,2.681404929,1
6.282304912,2.385417207,-2.506452655,-1.544479591,1
0.695130387,2.277725479,-0.833744797,1.50921353,1
2.893211165,1.066430135,-1.700944198,-1.032681042,1
3.196813116,0.12634257,-1.787963399,0.355447,1
2.019348921,1.158397456,1.421037973,-1.076288742,1
1.022006218,6.704456153,-1.010943232,2.589296459,1
8.702727181,0.28207394,-2.950038505,-0.531106336,1
5.825574123,2.559216882,2.413622614,-1.599755257,1
6.470124728,1.164257459,-2.543643986,-1.079007627,1
0.220949826,7.354978903,-0.470053003,2.712006435,1
4.133304342,0.026183367,2.033052961,-0.161812754,1
5.656322986,0.018376753,-2.378302543,-0.135560884,1
2.906238025,4.644969679,-1.7047692,2.155219172,1
2.387839176,5.504738359,-1.545263465,2.346217884,1
5.5847405,2.523392076,2.363205556,1.588518831,1
3.172932827,2.681873305,1.781272811,1.637642606,1
5.269982509,1.840385882,-2.295644247,1.356608227,1
2.676256645,4.353521117,1.635926846,-2.086509314,1
4.956394022,0.259307807,2.226296032,0.509222748,1
4.682732524,2.71421157,-2.163962228,1.64748644,1
0.337239651,2.953177174,-0.580723386,1.718481066,1
5.776005322,0.001111251,2.403332129,-0.033335427,1
4.565610392,0.110732984,-2.1367289,-0.332765659,1
4.988098662,2.151375645,-2.233405172,1.466756846,1
1.344248571,2.442465493,-1.159417341,-1.562838921,1
3.526443195,0.075787436,-1.877882636,-0.275295179,1
3.467848263,0.846985357,1.862215955,0.920318074,1
6.728257986,0.2365353,-2.593888584,-0.486348949,1
0.336728919,7.876868378,-0.580283482,-2.806575917,1
0.210976874,5.018176691,0.45932219,2.240128722,1
1.43185235,7.183445849,-1.19660033,2.680195114,1
1.190559985,7.580653555,1.09112785,2.753298668,1
1.03856788,3.787865116,-1.019101506,1.946243848,1
2.704895444,2.715452674,1.644656634,1.647863063,1
7.839101399,0.016007861,2.799839531,-0.126522177,1
2.824058447,0.195565186,1.680493513,0.442227527,1
1.868664968,4.416666145,1.36699121,-2.101586578,1
6.835589392,1.274478648,-2.614496011,-1.128928097,1
4.188742359,1.321691329,2.046641727,-1.14964835,1
2.913732461,0.787772133,1.706965864,0.887565284,1
5.53756074,2.925054665,-2.353202231,1.710279119,1
6.690037405,0.185709406,-2.586510662,0.430940142,1
0.051737269,4.567706264,-0.227458279,-2.137219283,1
2.535755627,4.437266682,-1.59240561,-2.106482063,1
7.777270033,0.72452593,-2.788775723,0.851190889,1
4.224680202,0.33294725,2.055402686,0.577015814,1
3.114778213,0.447429169,1.764873427,0.668901464,1
0.012166187,7.31758184,0.110300439,-2.705102926,1
2.987437273,1.421253177,1.728420456,1.192163234,1
4.947490574,0.380086478,-2.224295523,-0.616511539,1
2.975966681,0.225204624,-1.725099035,-0.474557293,1
0.748484384,4.121141208,-0.86514992,2.03005941,1
3.852802668,0.496211295,-1.962855743,0.704422668,1
0.112138786,3.489205739,-0.334871298,-1.867941578,1
1.831971232,4.0703295,-1.353503318,2.017505762,1
0.550963681,7.04831214,0.742269278,2.654865748,1
1.606683347,1.515532471,1.267550136,1.231069645,1
0.365203177,3.312467424,0.604320426,1.820018523,1
6.33656029,0.000472561,2.517252528,0.021738479,1
4.48518185,0.516767189,2.117824792,-0.718865209,1
2.111426624,2.277053102,1.453074886,1.508990756,1
0.101430731,6.085476982,-0.318481917,-2.466875956,1
0.243943354,6.263274881,0.49390622,-2.502653568,1
6.542617433,0.697825897,-2.557854068,-0.835359741,1
1.420858858,1.630226761,1.191997843,-1.276803337,1
3.940903145,3.632154797,-1.98517081,-1.905821292,1
2.484065346,2.772854785,1.576091795,1.665189114,1
4.948695828,3.215839329,2.224566436,-1.793276144,1
4.633790077,3.435302573,-2.152623998,-1.853456925,1
3.611461419,0.621211846,-1.900384545,0.788169935,1
2.922716363,3.277922427,1.70959538,1.810503363,1
4.125871348,4.58917077,-2.031224101,-2.142234994,1
1.762150715,3.135316633,1.32746025,-1.770682533,1
3.473465456,4.405756178,-1.863723546,-2.098989323,1
3.433376816,1.05241167,1.852937348,1.025871176,1
1.296258405,1.862465422,1.138533445,1.364721738,1
0.912394957,3.059651981,0.955193675,1.749186091,1
1.153999486,6.284108118,1.074243681,-2.506812342,1
4.786780436,1.764491361,-2.187871211,-1.328341583,1
1.67667759,5.715488217,-1.294865858,-2.390708727,1
1.982362738,4.664797003,1.40796404,2.159814113,1
3.751639481,2.943054696,1.936914939,-1.715533356,1
7.316825199,0.89573765,2.704963068,-0.946434176,1
0.690531314,7.018434651,-0.830982138,-2.649232842,1
8.5492586,7.68E-06,-2.923911524,0.002772089,1
6.87155363,0.168627345,2.621364841,-0.4106426,1
2.097863044,3.167507368,-1.448400167,-1.779749243,1
0.709052276,4.98119727,-0.842052419,-2.231859599,1
7.329619588,0.090687957,2.707327019,0.301144413,1
3.070006487,3.058249389,-1.752143398,-1.748785118,1
1.57057767,2.415398833,1.253226903,-1.554155344,1
5.456037119,0.187418577,-2.335816157,0.432918672,1
6.996985575,1.537652894,-2.645181577,-1.240021328,1
5.596247869,0.649686985,2.365638998,-0.806031628,1
0.184426934,3.900034699,0.429449571,-1.974850551,1
8.726064689,0.156034588,2.953991315,-0.395012137,1
2.160155724,4.171590405,-1.469746823,2.042447161,1
2.875122884,0.107082404,-1.695618732,0.327234479,1
0.595975378,7.06240748,-0.771994416,2.657519046,1
0.344082082,4.520050568,-0.586585102,2.126041055,1
8.867146589,0.002850918,-2.977775443,-0.053393989,1
6.3192905,0.167074574,-2.513819902,-0.408747567,1
2.205529468,3.591759562,1.485102511,1.895193806,1
0.357996942,8.494893964,0.598328457,2.914600138,1
4.639579007,0.14035891,2.1539682,-0.374645046,1
0.964651766,5.926466894,-0.982166873,-2.434433588,1
6.114747595,2.758203292,-2.472801568,-1.660783939,1
6.348530736,0.826873451,2.519629087,-0.909325822,1
2.432861477,2.092463512,1.559763276,-1.446535002,1
2.980163379,1.380177798,1.726314971,-1.174809686,1
3.08320285,0.421754914,-1.755905137,-0.649426604,1
8.193940486,0.215624349,-2.86250598,-0.46435369,1
2.871690502,0.899913053,1.694606297,-0.948637472,1
0.006090006,4.937041147,0.078038492,2.221945352,1
6.900897132,1.15813279,2.626955868,-1.076165782,1
0.324912602,3.781022852,0.570011054,-1.944485241,1
1.062105049,2.017120595,-1.030584809,1.420253708,1
0.294219993,6.665970583,-0.542420495,2.581854098,1
4.904397273,1.806933164,2.214587382,1.344222141,1
0.020606143,8.919342094,0.143548401,2.986526761,1
0.151883046,3.401365159,0.389721754,-1.844279035,1
0.783250465,5.392148034,0.885014387,2.322099919,1
0.980754569,3.389164414,-0.990330535,1.840968336,1
6.020631515,1.374167296,-2.453697519,1.17224882,1
4.574273356,0.078254635,-2.138755095,-0.279740299,1
6.295170632,0.202169247,-2.509017862,-0.449632347,1
0.456876163,4.455656951,0.675926152,-2.110842711,1
5.221064101,1.657827822,-2.284964792,-1.287566628,1
5.738975627,0.224673129,-2.395615918,-0.473996972,1
6.757775269,1.585807269,2.599572132,-1.259288398,1
3.186694751,3.046041935,-1.785131578,-1.745291361,1
4.199468371,0.022207859,2.049260445,-0.149023016,1
7.219086761,0.003341436,-2.686835827,0.057805158,1
2.807255504,0.147098729,-1.675486647,-0.383534521,1
0.004661062,7.608782234,-0.06827197,2.758402116,1
2.174233896,1.752757123,1.474528364,-1.32391734,1
2.067141068,1.390821082,1.437755566,1.179330777,1
6.561433856,0.686395239,2.561529593,0.828489734,1
0.009648398,6.520132606,-0.098226259,-2.553455033,1
2.886927795,1.25439963,1.69909617,1.119999835,1
1.099009482,4.865880863,1.048336531,2.205874172,1
0.420655221,4.586272471,-0.648579387,2.141558421,1
2.148868336,2.729599252,-1.465901885,1.652149888,1
